{"cameraMode":{"drawMode":0,"name":"Shaded","section":"Shading Mode"},"sceneLighting":false,"audioPlay":false,"sceneViewState":{"showFog":true,"showMaterialUpdate":true,"showSkybox":false,"showFlares":true,"showImageEffects":true,"showParticleSystems":true},"in2DMode":false,"pivot":{"x":2.4100000858306886,"y":4.639999866485596,"z":-4.570000171661377},"rotation":{"x":0.019807403907179834,"y":0.008991171605885029,"z":-0.0001795029966160655,"w":0.9997736811637878},"size":0.3353483974933624,"orthographic":false}