{"cameraMode":{"drawMode":0,"name":"Shaded","section":"Shading Mode"},"sceneLighting":false,"audioPlay":false,"sceneViewState":{"showFog":true,"showMaterialUpdate":true,"showSkybox":false,"showFlares":true,"showImageEffects":true,"showParticleSystems":true},"in2DMode":false,"pivot":{"x":0.002618074417114258,"y":0.9605703353881836,"z":0.013494819402694703},"rotation":{"x":0.04731708765029907,"y":-0.9016209244728088,"z":0.10214396566152573,"w":0.417643666267395},"size":1.4724699258804322,"orthographic":false}