{"cameraMode":{"drawMode":0,"name":"Shaded","section":"Shading Mode"},"sceneLighting":true,"audioPlay":false,"sceneViewState":{"showFog":true,"showMaterialUpdate":true,"showSkybox":true,"showFlares":true,"showImageEffects":true,"showParticleSystems":true},"in2DMode":false,"pivot":{"x":138.320556640625,"y":71.20048522949219,"z":-45.782562255859378},"rotation":{"x":-0.2682798206806183,"y":0.10610146820545197,"z":-0.029742328450083734,"w":-0.9570334553718567},"size":145.85382080078126,"orthographic":false}